[{"model": "editor.attribut", "pk": 7, "fields": {"name_attribut": "bof_tlm", "kurzbezeichnung_de": "Basis f¸r Berechnung der Revierbeitr‰ge", "kurzbezeichnung_fr": "Base de calcul des contributions au triage", "beschreibung_de": "Konkordanztabelle von BOF_ART und TLM_ART; bildet Basis f¸r die Berechnung der Revierbeitr‰ge.\r\n\r\nWertebereich:\r\n17plus\r\n18\r\n19\r\n20plus", "attributtyp": "text", "attributlaenge": 10, "pflicht": true, "unique": false, "index": false, "geopaeckli": null, "wertetabelle": null}}, {"model": "editor.attribut", "pk": 8, "fields": {"name_attribut": "sig_code", "kurzbezeichnung_de": "Signalcode", "kurzbezeichnung_fr": "Code de signal", "beschreibung_de": "Code f¸r die Bezeichnung des Signals oder der Zusatztafel des Waldstrassenplans", "attributtyp": "int", "attributlaenge": 5, "pflicht": true, "unique": false, "index": false, "geopaeckli": 21, "wertetabelle": 2}}, {"model": "editor.attribut", "pk": 9, "fields": {"name_attribut": "wsp_nr", "kurzbezeichnung_de": "Waldstrassenplan - Nummer", "kurzbezeichnung_fr": "Plan des chemins forestiers - NumÈro", "beschreibung_de": "Die Perimeter werden von 1 bis X pro WA durchnummeriert.\r\nErste Stelle = WA\r\nZweite Stelle = WA (alte WA 1 - 8)\r\nDritte bis letzte Stelle = fortlaufende Nummerierung\r\nBeispiele:\r\n25003 = Waldabteilung Voralpen, ehemalig Wabt. 5, Nummer 3\r\n23002 = WA Voralpen, ehemalig Wabt. 3, Nummer 2\r\n20001 = WA Voralpen, Nummer 1 (ab Jahr 2016)", "attributtyp": "int", "attributlaenge": 10, "pflicht": true, "unique": false, "index": false, "geopaeckli": 21, "wertetabelle": null}}, {"model": "editor.attribut", "pk": 10, "fields": {"name_attribut": "zt_text_de", "kurzbezeichnung_de": "Zusatztafeltext deutsch", "kurzbezeichnung_fr": "Texte de la plaque complÈmentaire en allemand", "beschreibung_de": "Text f¸r die entsprechende Zusatztafel auf deutsch (Waldstrassenplan)", "attributtyp": "text", "attributlaenge": 500, "pflicht": true, "unique": false, "index": false, "geopaeckli": 21, "wertetabelle": null}}, {"model": "editor.attribut", "pk": 11, "fields": {"name_attribut": "zt_text_fr", "kurzbezeichnung_de": "Zusatztafeltext franzˆsisch", "kurzbezeichnung_fr": "Texte de la plaque complÈmentaire en franÁais", "beschreibung_de": "Text f¸r die entsprechende Zusatztafel auf franzˆsisch", "attributtyp": "text", "attributlaenge": 500, "pflicht": true, "unique": false, "index": false, "geopaeckli": 21, "wertetabelle": null}}, {"model": "editor.attribut", "pk": 12, "fields": {"name_attribut": "str_code", "kurzbezeichnung_de": "Strassencode", "kurzbezeichnung_fr": "Code routier", "beschreibung_de": "Waldstrassenplan - Strassencode", "attributtyp": "int", "attributlaenge": 5, "pflicht": true, "unique": false, "index": false, "geopaeckli": 21, "wertetabelle": 3}}, {"model": "editor.attribut", "pk": 13, "fields": {"name_attribut": "wsp_name", "kurzbezeichnung_de": "Waldstrasenplan - Name", "kurzbezeichnung_fr": "Plan des chemins forestiers - Nom", "beschreibung_de": "Waldstrasenplan - Name", "attributtyp": "text", "attributlaenge": 50, "pflicht": true, "unique": false, "index": false, "geopaeckli": 21, "wertetabelle": null}}, {"model": "editor.attribut", "pk": 14, "fields": {"name_attribut": "gen_dat", "kurzbezeichnung_de": "Genehmigungsdatum", "kurzbezeichnung_fr": "Date d'approbation", "beschreibung_de": "Genehmigungsdatum des Waldstrassenplans", "attributtyp": "date", "attributlaenge": 0, "pflicht": false, "unique": false, "index": false, "geopaeckli": 21, "wertetabelle": null}}, {"model": "editor.attribut", "pk": 15, "fields": {"name_attribut": "gen_dat_nf1", "kurzbezeichnung_de": "Genehmigungsdatum der ersten Nachf¸hrung", "kurzbezeichnung_fr": "Date d'approbation de la premiËre mise ‡ jour", "beschreibung_de": "Genehmigungsdatum der ersten Nachf¸hrung", "attributtyp": "date", "attributlaenge": 0, "pflicht": false, "unique": false, "index": false, "geopaeckli": 21, "wertetabelle": null}}, {"model": "editor.attribut", "pk": 16, "fields": {"name_attribut": "wsp_status", "kurzbezeichnung_de": "Waldstrassenplan-Perimeterstand", "kurzbezeichnung_fr": "Plan des chemins forestiers -Etat du pÈrimËtre", "beschreibung_de": "Waldstrassenplan-Perimeterstand", "attributtyp": "int", "attributlaenge": 5, "pflicht": true, "unique": false, "index": false, "geopaeckli": 21, "wertetabelle": 4}}, {"model": "editor.attribut", "pk": 17, "fields": {"name_attribut": "wald", "kurzbezeichnung_de": "dfa", "kurzbezeichnung_fr": "sdf", "beschreibung_de": "sdf", "attributtyp": "int", "attributlaenge": 5, "pflicht": true, "unique": false, "index": false, "geopaeckli": 20, "wertetabelle": null}}, {"model": "editor.attribut", "pk": 18, "fields": {"name_attribut": "gen_dat_nf2", "kurzbezeichnung_de": "Genehmigungsdatum der zweiten Nachf¸hrung", "kurzbezeichnung_fr": "Date d'approbation de la deuxiËme mise ‡ jour", "beschreibung_de": "Genehmigungsdatum der zweiten Nachf¸hrung", "attributtyp": "date", "attributlaenge": 0, "pflicht": false, "unique": false, "index": false, "geopaeckli": 21, "wertetabelle": null}}, {"model": "editor.attribut", "pk": 19, "fields": {"name_attribut": "ibi_test", "kurzbezeichnung_de": "asdfas", "kurzbezeichnung_fr": "asdf", "beschreibung_de": "asdf", "attributtyp": "float", "attributlaenge": 3, "pflicht": false, "unique": false, "index": false, "geopaeckli": 21, "wertetabelle": 2}}, {"model": "editor.geopaeckli", "pk": 8, "fields": {"name_de": "Bestandesinformation", "name_fr": "Informations relatives au peuplement", "technischer_name": "bestand", "nachfuehrungsintervall": "bei Bedarf", "dataowner": "AWN", "datasteward": "BGI", "dateneditor": "Daniel Mader", "thema": 2}}, {"model": "editor.geopaeckli", "pk": 9, "fields": {"name_de": "Daten aus FINT-CH-Projekt", "name_fr": "DonnÈes du projet FINT-CH", "technischer_name": "fintch", "nachfuehrungsintervall": "bei Bedarf", "dataowner": "AWN", "datasteward": "Daniel Mader", "dateneditor": "Daniel Mader", "thema": 2}}, {"model": "editor.geopaeckli", "pk": 10, "fields": {"name_de": "Hauptbaumkarte", "name_fr": "Essences principales", "technischer_name": "hauptba", "nachfuehrungsintervall": "bei Bedarf", "dataowner": "AWN", "datasteward": "Daniel Mader", "dateneditor": "Daniel Mader", "thema": 2}}, {"model": "editor.geopaeckli", "pk": 11, "fields": {"name_de": "Vegetationshˆhenstufen", "name_fr": "Etages de vÈgÈtation", "technischer_name": "hoest", "nachfuehrungsintervall": "bei Bedarf", "dataowner": "AWN", "datasteward": "Daniel Mader", "dateneditor": "Daniel Mader", "thema": 2}}, {"model": "editor.geopaeckli", "pk": 12, "fields": {"name_de": "Tarifzonen", "name_fr": "RÈgions tarifaires", "technischer_name": "tarifz", "nachfuehrungsintervall": "bei Bedarf", "dataowner": "AWN", "datasteward": "Daniel Steinberger", "dateneditor": "Daniel Steinberger", "thema": 2}}, {"model": "editor.geopaeckli", "pk": 13, "fields": {"name_de": "Vegetationshˆhenmodell", "name_fr": "ModËle numÈrique de vÈgÈtation", "technischer_name": "vhm", "nachfuehrungsintervall": "bei Bedarf", "dataowner": "WSL", "datasteward": "Daniel Steinberger", "dateneditor": "Daniel Steinberger", "thema": 2}}, {"model": "editor.geopaeckli", "pk": 14, "fields": {"name_de": "Standortskartierung", "name_fr": "Cartographie des stations", "technischer_name": "staok", "nachfuehrungsintervall": "bei Bedarf", "dataowner": "AWN", "datasteward": "Daniel Mader", "dateneditor": "Daniel Mader", "thema": 2}}, {"model": "editor.geopaeckli", "pk": 15, "fields": {"name_de": "Standorthinweiskarte", "name_fr": "Carte indicative des stations forestiËres", "technischer_name": "staohk", "nachfuehrungsintervall": "t‰glich", "dataowner": "AWN", "datasteward": "Daniel Mader", "dateneditor": "Daniel Mader", "thema": 2}}, {"model": "editor.geopaeckli", "pk": 16, "fields": {"name_de": "Schweizerische Forststatistik", "name_fr": "Statistique forestiËre suisse", "technischer_name": "sfs", "nachfuehrungsintervall": "j‰hrlich", "dataowner": "BFS", "datasteward": "Marianne Rothenb¸hler", "dateneditor": "Marianne Rothenb¸hler", "thema": 2}}, {"model": "editor.geopaeckli", "pk": 17, "fields": {"name_de": "Important Bird Areas", "name_fr": "Important Bird Areas", "technischer_name": "iba", "nachfuehrungsintervall": "bei Bedarf", "dataowner": "BirdLife", "datasteward": "Tobias Ammann", "dateneditor": "Tobias Ammann", "thema": 2}}, {"model": "editor.geopaeckli", "pk": 18, "fields": {"name_de": "Planungsgrundlagen", "name_fr": "Bases de planification", "technischer_name": "plgr", "nachfuehrungsintervall": "t‰glich", "dataowner": "AWN", "datasteward": "Marianne Rothenb¸hler", "dateneditor": "Marianne Rothenb¸hler", "thema": 2}}, {"model": "editor.geopaeckli", "pk": 19, "fields": {"name_de": "Standortskartierung Waldbiodiversit‰t", "name_fr": "Cartographie des stations de biodiversitÈ forestiËre", "technischer_name": "biostaok", "nachfuehrungsintervall": "bei Bedarf", "dataowner": "AWN", "datasteward": "Manuela Oberholzer", "dateneditor": "Manuela Oberholzer", "thema": 2}}, {"model": "editor.geopaeckli", "pk": 20, "fields": {"name_de": "Wald", "name_fr": "ForÍt", "technischer_name": "wald", "nachfuehrungsintervall": "j‰hrlich", "dataowner": "AWN", "datasteward": "Daniel Mader", "dateneditor": "Daniel Mader", "thema": 2}}, {"model": "editor.geopaeckli", "pk": 21, "fields": {"name_de": "Waldstrassenplan", "name_fr": "Plan des chemins forestiers", "technischer_name": "wsp", "nachfuehrungsintervall": "monatlich", "dataowner": "AWN", "datasteward": "Marianne Rothenb¸hler", "dateneditor": "Marianne Rothenb¸hler", "thema": 11}}, {"model": "editor.thema", "pk": 1, "fields": {"technischer_name": "vconthema", "beschreibung_de": "Test Thema Veronique"}}, {"model": "editor.thema", "pk": 2, "fields": {"technischer_name": "grundl", "beschreibung_de": "Grundlagen"}}, {"model": "editor.thema", "pk": 3, "fields": {"technischer_name": "biodiv", "beschreibung_de": "Biodiversit‰t"}}, {"model": "editor.thema", "pk": 4, "fields": {"technischer_name": "admin", "beschreibung_de": "Administratives"}}, {"model": "editor.thema", "pk": 5, "fields": {"technischer_name": "fschutz", "beschreibung_de": "Forstschutz"}}, {"model": "editor.thema", "pk": 6, "fields": {"technischer_name": "nga", "beschreibung_de": "Abteilung Naturgefahren"}}, {"model": "editor.thema", "pk": 7, "fields": {"technischer_name": "rup", "beschreibung_de": "Recht und Planung"}}, {"model": "editor.thema", "pk": 8, "fields": {"technischer_name": "sw", "beschreibung_de": "Schutzwald"}}, {"model": "editor.thema", "pk": 9, "fields": {"technischer_name": "wild", "beschreibung_de": "Wald - Wild"}}, {"model": "editor.thema", "pk": 10, "fields": {"technischer_name": "ww", "beschreibung_de": "Waldwirtschaft"}}, {"model": "editor.thema", "pk": 11, "fields": {"technischer_name": "erschl", "beschreibung_de": "Erschliessung"}}, {"model": "editor.ebene", "pk": 9, "fields": {"name": "maske", "titel_de": "Waldmaske (AWN)", "titel_fr": "ForÍt (OFDN)", "kurzbeschreibung_de": "Die Waldgrenzen werden dargestellt. Sie haben nur hinweisenden Charakter. F¸r verbindliche Entscheide ist ein Waldfeststellungsverfahren massgebend. Inputprodukte sind Bodenbedeckung BBF (aus Geoprodukt MOPUBE ñ Amtliche Vermessung vereinfacht), Bodenbedeckung TLM (Bodenbedeckung swissTLM3D) und LiDAR-Daten (Waldgrenze 2015 einmalig erstellt).", "kurzbeschreibung_fr": "Masque forestier du canton de Berne", "editierbar": false, "featurekategorie": "Vektor", "zugangsberechtigung": "B", "foerderprogramm": "Andere", "dokumentation": "\"K:\\GIS_GRUNDLAGEN\\WALD\\txt\\WALD_Beschreibung_lang.docx\"", "geopaeckli": 20, "datenstand_date": "2026-01-01", "dienst": null, "tags": [99, 106, 112], "triggers": [], "views": [], "attributes_shared": [17]}}, {"model": "editor.ebene", "pk": 10, "fields": {"name": "maskemp", "titel_de": "Waldmaske Multipart", "titel_fr": "ForÍt (OFDN) multipart", "kurzbeschreibung_de": "Waldmaske = grundl_wald_maske einfach in Multipart (F¸r Berechnungen)", "kurzbeschreibung_fr": "Masque forestier du canton de Berne. = grundl_wald_maske en multipart (pour les calculs)", "editierbar": false, "featurekategorie": "Vektor", "zugangsberechtigung": "B", "foerderprogramm": "Andere", "dokumentation": "", "geopaeckli": 20, "datenstand_date": "2026-01-01", "dienst": null, "tags": [99, 106, 112], "triggers": [], "views": [], "attributes_shared": [17]}}, {"model": "editor.ebene", "pk": 11, "fields": {"name": "revierbeitrag", "titel_de": "Waldmaske f¸r Berechnung Revierbeitrag", "titel_fr": "Masque forestier pour le calcul de la contribution au territoire", "kurzbeschreibung_de": "Waldfl‰che des Kantons Bern detailliert. Dient exklusiv zur Berechnung der Revierbeitr‰ge. Ohne Angaben aus LIDAR-Waldmaske.", "kurzbeschreibung_fr": "Surface forestiËre du canton de Berne dÈtaillÈe. Sert exclusivement au calcul des contributions de triage. Sans les donnÈes du masque forestier LIDAR.", "editierbar": false, "featurekategorie": "Vektor", "zugangsberechtigung": "B", "foerderprogramm": "Andere", "dokumentation": "\"K:\\GIS_GRUNDLAGEN\\BIODIV\\txt\\BIODIV_NFA_HABIBA_Beschreibung_lang.docx\"", "geopaeckli": 20, "datenstand_date": "2026-01-01", "dienst": null, "tags": [99, 106, 112, 120], "triggers": [], "views": [], "attributes_shared": []}}, {"model": "editor.ebene", "pk": 12, "fields": {"name": "sig", "titel_de": "Signale und Zusatztafeln", "titel_fr": "signaux et panneaux supplÈmentaires", "kurzbeschreibung_de": "Waldstrassenplan, Signale und Zusatztafeln", "kurzbeschreibung_fr": "Plan des chemins forestiers, signaux et panneaux supplÈmentaires", "editierbar": false, "featurekategorie": "Vektor", "zugangsberechtigung": "B", "foerderprogramm": "Andere", "dokumentation": "\"K:\\GIS_GRUNDLAGEN\\RECHT\\txt\\RECHT_WSP_Besschreibung_lang.docx\"", "geopaeckli": 21, "datenstand_date": "2026-01-01", "dienst": null, "tags": [19, 51, 111, 121], "triggers": [], "views": [], "attributes_shared": [8, 9, 10, 11]}}, {"model": "editor.ebene", "pk": 13, "fields": {"name": "str", "titel_de": "Waldstrassenplan, Strassen", "titel_fr": "Plan des chemins forestiers, Routes", "kurzbeschreibung_de": "Waldstrassenplan, Strassen", "kurzbeschreibung_fr": "Plan des chemins forestiers, Routes", "editierbar": false, "featurekategorie": "Vektor", "zugangsberechtigung": "B", "foerderprogramm": "Andere", "dokumentation": "\"Q:\\GIS\\LPN\\GIS_GRUNDLAGEN\\RECHT\\txt\\RECHT_WSP_Besschreibung_lang.docx\"", "geopaeckli": 21, "datenstand_date": "2026-01-01", "dienst": null, "tags": [19, 51, 111, 121], "triggers": [], "views": [], "attributes_shared": [12, 9]}}, {"model": "editor.ebene", "pk": 14, "fields": {"name": "peri", "titel_de": "Waldstrassenplan, Perimeter", "titel_fr": "Plan des chemins forestiers, pÈrimËtres", "kurzbeschreibung_de": "Waldstrassenplan, Perimeter", "kurzbeschreibung_fr": "Plan des chemins forestiers, pÈrimËtres", "editierbar": false, "featurekategorie": "Vektor", "zugangsberechtigung": "B", "foerderprogramm": "Andere", "dokumentation": "\"K:\\GIS_GRUNDLAGEN\\RECHT\\txt\\RECHT_WSP_Besschreibung_lang.docx\"", "geopaeckli": 21, "datenstand_date": "2026-01-01", "dienst": null, "tags": [19, 51, 111, 121], "triggers": [], "views": [], "attributes_shared": [14, 15, 18, 13, 9, 16]}}, {"model": "editor.ebene", "pk": 16, "fields": {"name": "pernf", "titel_de": "Waldstrassenplan, Perimeter (f¸r Perimeter in Nachf¸hrung)", "titel_fr": "Plan des chemins forestiers, pÈrimËtres (pour les pÈrimËtres en mise ‡ jour)", "kurzbeschreibung_de": "Waldstrassenplan, Perimeter (f¸r Perimeter in Nachf¸hrung)", "kurzbeschreibung_fr": "Plan des chemins forestiers, pÈrimËtres (pour les pÈrimËtres en mise ‡ jour)", "editierbar": false, "featurekategorie": "Vektor", "zugangsberechtigung": "B", "foerderprogramm": "Andere", "dokumentation": "\"K:\\GIS_GRUNDLAGEN\\RECHT\\txt\\RECHT_WSP_Besschreibung_lang.docx\"", "geopaeckli": 21, "datenstand_date": "2026-01-01", "dienst": null, "tags": [19, 51, 111, 121], "triggers": [], "views": [], "attributes_shared": []}}, {"model": "editor.ebene", "pk": 17, "fields": {"name": "ibi_test34", "titel_de": "asd", "titel_fr": "asdf", "kurzbeschreibung_de": "asdf", "kurzbeschreibung_fr": "asd", "editierbar": false, "featurekategorie": "Raster", "zugangsberechtigung": "A", "foerderprogramm": "NFA", "dokumentation": "asfd", "geopaeckli": 21, "datenstand_date": "2026-03-05", "dienst": null, "tags": [], "triggers": [], "views": [], "attributes_shared": []}}, {"model": "editor.tag", "pk": 1, "fields": {"name_de": "Altholz", "name_fr": "Vieux bois"}}, {"model": "editor.tag", "pk": 2, "fields": {"name_de": "Amphibien", "name_fr": "Amphibiens"}}, {"model": "editor.tag", "pk": 3, "fields": {"name_de": "Arten", "name_fr": "EspËces"}}, {"model": "editor.tag", "pk": 4, "fields": {"name_de": "Artenfˆrderung", "name_fr": "Promotion d'espËces prioritaires"}}, {"model": "editor.tag", "pk": 5, "fields": {"name_de": "Artenvielfalt", "name_fr": "BiodiversitÈ"}}, {"model": "editor.tag", "pk": 6, "fields": {"name_de": "Aufforstung", "name_fr": "Afforestation"}}, {"model": "editor.tag", "pk": 7, "fields": {"name_de": "Baumarten", "name_fr": "Essences arbres"}}, {"model": "editor.tag", "pk": 8, "fields": {"name_de": "Bewilligung", "name_fr": "Autorisation"}}, {"model": "editor.tag", "pk": 9, "fields": {"name_de": "Bewirtschaftungsvertrag", "name_fr": "Contrat de gestion"}}, {"model": "editor.tag", "pk": 10, "fields": {"name_de": "Biodiverist‰tsfˆrderung", "name_fr": "Promotion de la biodiversitÈ"}}, {"model": "editor.tag", "pk": 11, "fields": {"name_de": "Biodiversit‰t", "name_fr": "BiodiversitÈ"}}, {"model": "editor.tag", "pk": 12, "fields": {"name_de": "Boden", "name_fr": "Sol"}}, {"model": "editor.tag", "pk": 13, "fields": {"name_de": "Bodenbedeckung", "name_fr": "Couverture du sol"}}, {"model": "editor.tag", "pk": 14, "fields": {"name_de": "Deckungsgrad", "name_fr": "DegrÈ de recouvrement"}}, {"model": "editor.tag", "pk": 15, "fields": {"name_de": "Entwicklungsstufen", "name_fr": "Stades de dÈveloppement"}}, {"model": "editor.tag", "pk": 16, "fields": {"name_de": "Ereignis", "name_fr": "EvÈnement"}}, {"model": "editor.tag", "pk": 17, "fields": {"name_de": "Erholung", "name_fr": "DÈtente"}}, {"model": "editor.tag", "pk": 18, "fields": {"name_de": "Erosion", "name_fr": "…rosion"}}, {"model": "editor.tag", "pk": 19, "fields": {"name_de": "Erschliessung", "name_fr": "Desserte"}}, {"model": "editor.tag", "pk": 20, "fields": {"name_de": "Exposition", "name_fr": "Exposition"}}, {"model": "editor.tag", "pk": 21, "fields": {"name_de": "Fauna", "name_fr": "Faune"}}, {"model": "editor.tag", "pk": 22, "fields": {"name_de": "Fels", "name_fr": "Rocher"}}, {"model": "editor.tag", "pk": 23, "fields": {"name_de": "Feuchtgebiet", "name_fr": "Zone Humide"}}, {"model": "editor.tag", "pk": 24, "fields": {"name_de": "Flora", "name_fr": "Flore"}}, {"model": "editor.tag", "pk": 25, "fields": {"name_de": "Forstbetrieb", "name_fr": "Service forestier"}}, {"model": "editor.tag", "pk": 26, "fields": {"name_de": "Fˆrster", "name_fr": "Forestier"}}, {"model": "editor.tag", "pk": 27, "fields": {"name_de": "Fˆrsterin", "name_fr": "ForestiËre"}}, {"model": "editor.tag", "pk": 28, "fields": {"name_de": "Forstrevier", "name_fr": "Triage forestier"}}, {"model": "editor.tag", "pk": 29, "fields": {"name_de": "Forstschutz", "name_fr": "Protection forestiËre"}}, {"model": "editor.tag", "pk": 30, "fields": {"name_de": "Forststatistik", "name_fr": "Statistique forestiËre"}}, {"model": "editor.tag", "pk": 31, "fields": {"name_de": "Freizeit", "name_fr": "Loisirs"}}, {"model": "editor.tag", "pk": 32, "fields": {"name_de": "Gemeinde", "name_fr": "Commune"}}, {"model": "editor.tag", "pk": 33, "fields": {"name_de": "Geologie", "name_fr": "GÈologie"}}, {"model": "editor.tag", "pk": 34, "fields": {"name_de": "Gerinneschutzwald", "name_fr": "ForÍt protectrice de cours d'eau"}}, {"model": "editor.tag", "pk": 35, "fields": {"name_de": "Grundlagen", "name_fr": "DonnÈes de base"}}, {"model": "editor.tag", "pk": 36, "fields": {"name_de": "Habitatsbaum", "name_fr": "Arbes-habitats"}}, {"model": "editor.tag", "pk": 37, "fields": {"name_de": "Hangmure", "name_fr": "CoulÈe de boue"}}, {"model": "editor.tag", "pk": 38, "fields": {"name_de": "Hangneigung", "name_fr": "DÈclivitÈ"}}, {"model": "editor.tag", "pk": 39, "fields": {"name_de": "Hauptbaumart", "name_fr": "Essence principale"}}, {"model": "editor.tag", "pk": 40, "fields": {"name_de": "Hauptbestand", "name_fr": "Peuplement principal"}}, {"model": "editor.tag", "pk": 41, "fields": {"name_de": "Hˆhenstufe", "name_fr": "Etage altitudinal"}}, {"model": "editor.tag", "pk": 42, "fields": {"name_de": "Holz", "name_fr": "Bois"}}, {"model": "editor.tag", "pk": 43, "fields": {"name_de": "Holzerei", "name_fr": "Travail du bois"}}, {"model": "editor.tag", "pk": 44, "fields": {"name_de": "Holzernteverfahren", "name_fr": "MÈthode de rÈcolte du bois"}}, {"model": "editor.tag", "pk": 45, "fields": {"name_de": "Holzproduktion", "name_fr": "Production de bois"}}, {"model": "editor.tag", "pk": 46, "fields": {"name_de": "Indikator", "name_fr": "Indicateur"}}, {"model": "editor.tag", "pk": 47, "fields": {"name_de": "Insekten", "name_fr": "Insectes"}}, {"model": "editor.tag", "pk": 48, "fields": {"name_de": "Jagd", "name_fr": "Chasse"}}, {"model": "editor.tag", "pk": 49, "fields": {"name_de": "Jungwuchs", "name_fr": "Recr˚"}}, {"model": "editor.tag", "pk": 50, "fields": {"name_de": "K‰ferschaden", "name_fr": "DÈg‚ts de bostryches"}}, {"model": "editor.tag", "pk": 51, "fields": {"name_de": "Kantonales Waldgesetz", "name_fr": "Loi cantonale sur les forÍts"}}, {"model": "editor.tag", "pk": 52, "fields": {"name_de": "Klima", "name_fr": "Climat"}}, {"model": "editor.tag", "pk": 53, "fields": {"name_de": "Klimawandel", "name_fr": "Changement Climatique"}}, {"model": "editor.tag", "pk": 54, "fields": {"name_de": "Landschaft", "name_fr": "Paysage"}}, {"model": "editor.tag", "pk": 55, "fields": {"name_de": "Landwirtschaft", "name_fr": "Agriculture"}}, {"model": "editor.tag", "pk": 56, "fields": {"name_de": "Laubwald", "name_fr": "ForÍt de feuillus"}}, {"model": "editor.tag", "pk": 57, "fields": {"name_de": "Lawinen", "name_fr": "Avalanches"}}, {"model": "editor.tag", "pk": 58, "fields": {"name_de": "Lebensr‰ume", "name_fr": "Habitats"}}, {"model": "editor.tag", "pk": 59, "fields": {"name_de": "Maschinenweg", "name_fr": "Piste pour machines"}}, {"model": "editor.tag", "pk": 60, "fields": {"name_de": "Fernerkundung", "name_fr": "TÈlÈdÈtection"}}, {"model": "editor.tag", "pk": 61, "fields": {"name_de": "Massnahme", "name_fr": "Mesure"}}, {"model": "editor.tag", "pk": 62, "fields": {"name_de": "Mischwald", "name_fr": "ForÍt mixte"}}, {"model": "editor.tag", "pk": 63, "fields": {"name_de": "Murgang", "name_fr": "Laves"}}, {"model": "editor.tag", "pk": 64, "fields": {"name_de": "Nachf¸hrung", "name_fr": "Mise ‡ jour"}}, {"model": "editor.tag", "pk": 65, "fields": {"name_de": "Nachhaltigkeit", "name_fr": "DÈveloppement durable"}}, {"model": "editor.tag", "pk": 66, "fields": {"name_de": "Nadelwald", "name_fr": "ForÍt rÈsineuse"}}, {"model": "editor.tag", "pk": 67, "fields": {"name_de": "Natur", "name_fr": "Nature"}}, {"model": "editor.tag", "pk": 68, "fields": {"name_de": "Naturgefahren", "name_fr": "Danger naturel"}}, {"model": "editor.tag", "pk": 69, "fields": {"name_de": "Naturpark", "name_fr": "Parc naturel"}}, {"model": "editor.tag", "pk": 70, "fields": {"name_de": "Naturschutz", "name_fr": "Protection de la nature"}}, {"model": "editor.tag", "pk": 71, "fields": {"name_de": "Naturschutzgebiet", "name_fr": "RÈserve naturelle"}}, {"model": "editor.tag", "pk": 72, "fields": {"name_de": "Nebenbestand", "name_fr": "Peuplement accessoire"}}, {"model": "editor.tag", "pk": 73, "fields": {"name_de": "Pflanzenschutzmittel", "name_fr": "Produits phytosanitaires"}}, {"model": "editor.tag", "pk": 74, "fields": {"name_de": "Pilze", "name_fr": "Champignons"}}, {"model": "editor.tag", "pk": 75, "fields": {"name_de": "Plenterwald", "name_fr": "Futaie jardinÈe"}}, {"model": "editor.tag", "pk": 76, "fields": {"name_de": "Pr‰vention", "name_fr": "PrÈvention"}}, {"model": "editor.tag", "pk": 77, "fields": {"name_de": "Reptilien", "name_fr": "Reptiles"}}, {"model": "editor.tag", "pk": 78, "fields": {"name_de": "Rodung", "name_fr": "DÈfrichement"}}, {"model": "editor.tag", "pk": 79, "fields": {"name_de": "Rotwildsch‰den", "name_fr": "DÈg‚ts dus au cerf"}}, {"model": "editor.tag", "pk": 80, "fields": {"name_de": "R¸ckegasse", "name_fr": "Layon de dÈbardage"}}, {"model": "editor.tag", "pk": 81, "fields": {"name_de": "Schaden", "name_fr": "DÈg‚t"}}, {"model": "editor.tag", "pk": 82, "fields": {"name_de": "Schutz vor Naturgefahren", "name_fr": "Protection physique"}}, {"model": "editor.tag", "pk": 83, "fields": {"name_de": "Schutzwald", "name_fr": "ForÍt de protection"}}, {"model": "editor.tag", "pk": 84, "fields": {"name_de": "Seilkran", "name_fr": "C‚ble-grue"}}, {"model": "editor.tag", "pk": 85, "fields": {"name_de": "Sport", "name_fr": "Sport"}}, {"model": "editor.tag", "pk": 86, "fields": {"name_de": "Staatsforstbetrieb", "name_fr": "Entreprise ForÍts domaniales"}}, {"model": "editor.tag", "pk": 87, "fields": {"name_de": "Standortskartierung", "name_fr": "Cartographie des stations"}}, {"model": "editor.tag", "pk": 88, "fields": {"name_de": "Stangenholz", "name_fr": "Perchis"}}, {"model": "editor.tag", "pk": 89, "fields": {"name_de": "Steinschlag", "name_fr": "Chutes de pierres"}}, {"model": "editor.tag", "pk": 90, "fields": {"name_de": "Sturm", "name_fr": "Ouragan"}}, {"model": "editor.tag", "pk": 91, "fields": {"name_de": "Totholz", "name_fr": "Bois mort"}}, {"model": "editor.tag", "pk": 92, "fields": {"name_de": "Trockenheit", "name_fr": "SÈcheresse"}}, {"model": "editor.tag", "pk": 93, "fields": {"name_de": "Trockenstandort", "name_fr": "Prairie maigre"}}, {"model": "editor.tag", "pk": 94, "fields": {"name_de": "Vegetation", "name_fr": "VÈgÈtation"}}, {"model": "editor.tag", "pk": 95, "fields": {"name_de": "Verj¸ngung", "name_fr": "Rajeunissement"}}, {"model": "editor.tag", "pk": 96, "fields": {"name_de": "Vernetzung", "name_fr": "RÈseau"}}, {"model": "editor.tag", "pk": 97, "fields": {"name_de": "Vˆgel", "name_fr": "Oiseaux"}}, {"model": "editor.tag", "pk": 98, "fields": {"name_de": "Vorrat", "name_fr": "Volume sur pied"}}, {"model": "editor.tag", "pk": 99, "fields": {"name_de": "Wald", "name_fr": "ForÍt"}}, {"model": "editor.tag", "pk": 100, "fields": {"name_de": "Waldabteilung", "name_fr": "Division forestiËre"}}, {"model": "editor.tag", "pk": 101, "fields": {"name_de": "Waldboden", "name_fr": "Sol forestier"}}, {"model": "editor.tag", "pk": 102, "fields": {"name_de": "Waldbrand", "name_fr": "Incendie de forÍt"}}, {"model": "editor.tag", "pk": 103, "fields": {"name_de": "Waldeigent¸mer/in", "name_fr": "propriÈtaire forestier"}}, {"model": "editor.tag", "pk": 104, "fields": {"name_de": "Waldfunktion", "name_fr": "Fonction forestiËre"}}, {"model": "editor.tag", "pk": 105, "fields": {"name_de": "Waldgesellschaft", "name_fr": "Association vÈgÈtale forestiËre"}}, {"model": "editor.tag", "pk": 106, "fields": {"name_de": "Waldgrenze", "name_fr": "Limite de forÍt"}}, {"model": "editor.tag", "pk": 107, "fields": {"name_de": "Waldleistung", "name_fr": "Prestations de la forÍt"}}, {"model": "editor.tag", "pk": 108, "fields": {"name_de": "Waldpflege", "name_fr": "Soins aux forÍts"}}, {"model": "editor.tag", "pk": 109, "fields": {"name_de": "Waldreservat", "name_fr": "RÈserve forestiËre"}}, {"model": "editor.tag", "pk": 110, "fields": {"name_de": "Waldschutz", "name_fr": "Protection des forÍts"}}, {"model": "editor.tag", "pk": 111, "fields": {"name_de": "Waldstrasse", "name_fr": "Route forestiËre"}}, {"model": "editor.tag", "pk": 112, "fields": {"name_de": "Waldver‰nderungen", "name_fr": "Modifications de la forÍt"}}, {"model": "editor.tag", "pk": 113, "fields": {"name_de": "Waldwirtschaft", "name_fr": "Economie forestiËre"}}, {"model": "editor.tag", "pk": 114, "fields": {"name_de": "Wild", "name_fr": "Gibier"}}, {"model": "editor.tag", "pk": 115, "fields": {"name_de": "Wildruhezone", "name_fr": "Zone de quiÈtude pour la faune"}}, {"model": "editor.tag", "pk": 116, "fields": {"name_de": "Wildeinfluss", "name_fr": "Influence du gibier"}}, {"model": "editor.tag", "pk": 117, "fields": {"name_de": "Wildschutzgebiet", "name_fr": "Zone de protection de la faune sauvage"}}, {"model": "editor.tag", "pk": 118, "fields": {"name_de": "Wildtiere", "name_fr": "Faune sauvage"}}, {"model": "editor.tag", "pk": 119, "fields": {"name_de": "Wytweide", "name_fr": "P‚turage boisÈ"}}, {"model": "editor.tag", "pk": 120, "fields": {"name_de": "Revierbeitrag", "name_fr": "Contribution au triage"}}, {"model": "editor.tag", "pk": 121, "fields": {"name_de": "Waldgesetz", "name_fr": "Loi sur les forÍts"}}, {"model": "editor.tag", "pk": 122, "fields": {"name_de": "Recht und Planung", "name_fr": "Droit et planification"}}, {"model": "editor.wertetabelle", "pk": 2, "fields": {"name_tabelle": "sigcode", "kurzbeschreibung_de": "Waldstrassenplan - Signalcode", "kurzbeschreibung_fr": "Plan des chemins forestiers - Code de signal", "ebene": 12, "geopaeckli": 21}}, {"model": "editor.wertetabelle", "pk": 3, "fields": {"name_tabelle": "strcode", "kurzbeschreibung_de": "Waldstrassenplan - Strasssencode", "kurzbeschreibung_fr": "Plan des chemins forestiers - Code routier", "ebene": 13, "geopaeckli": 21}}, {"model": "editor.wertetabelle", "pk": 4, "fields": {"name_tabelle": "wspstatus", "kurzbeschreibung_de": "Waldstrassenplan - Perimeterstand", "kurzbeschreibung_fr": "Plan des chemins forestiers -Etat du pÈrimËtre", "ebene": 14, "geopaeckli": 21}}, {"model": "editor.view", "pk": 1, "fields": {"name_view": "vconthema_vcongeop_ebenetestgemeinde_vw", "beschreibung_de": "view test", "dienst": null}}]